statusId,count,status
1,7083,Finished
2,143,Disqualified
3,1044,Accident
4,833,Collision
5,2011,Engine
6,805,Gearbox
7,321,Transmission
8,214,Clutch
9,138,Hydraulics
10,315,Electrical
11,3850,+1 Lap
12,1593,+2 Laps
13,731,+3 Laps
14,405,+4 Laps
15,221,+5 Laps
16,153,+6 Laps
17,99,+7 Laps
18,52,+8 Laps
19,38,+9 Laps
20,792,Spun off
21,42,Radiator
22,431,Suspension
23,250,Brakes
24,61,Differential
25,130,Overheating
26,28,Mechanical
27,55,Tyre
28,1,Driver Seat
29,41,Puncture
30,25,Driveshaft
1,7083,Finished
2,143,Disqualified
3,1044,Accident
4,833,Collision
5,2011,Engine
6,805,Gearbox
7,321,Transmission
8,214,Clutch
9,138,Hydraulics
10,315,Electrical
11,3850,+1 Lap
12,1593,+2 Laps
13,731,+3 Laps
14,405,+4 Laps
15,221,+5 Laps
16,153,+6 Laps
17,99,+7 Laps
18,52,+8 Laps
19,38,+9 Laps
20,792,Spun off
21,42,Radiator
22,431,Suspension
23,250,Brakes
24,61,Differential
25,130,Overheating
26,28,Mechanical
27,55,Tyre
28,1,Driver Seat
29,41,Puncture
30,25,Driveshaft
1,7083,Finished
2,143,Disqualified
3,1044,Accident
4,833,Collision
5,2011,Engine
6,805,Gearbox
7,321,Transmission
8,214,Clutch
9,138,Hydraulics
10,315,Electrical
11,3850,+1 Lap
12,1593,+2 Laps
13,731,+3 Laps
14,405,+4 Laps
15,221,+5 Laps
16,153,+6 Laps
17,99,+7 Laps
18,52,+8 Laps
19,38,+9 Laps
20,792,Spun off
21,42,Radiator
22,431,Suspension
23,250,Brakes
24,61,Differential
25,130,Overheating
26,28,Mechanical
27,55,Tyre
28,1,Driver Seat
29,41,Puncture
30,25,Driveshaft
1,7083,Finished
2,143,Disqualified
3,1044,Accident
4,833,Collision
5,2011,Engine
6,805,Gearbox
7,321,Transmission
8,214,Clutch
9,138,Hydraulics
10,315,Electrical
11,3850,+1 Lap
12,1593,+2 Laps
13,731,+3 Laps
14,405,+4 Laps
15,221,+5 Laps
16,153,+6 Laps
17,99,+7 Laps
18,52,+8 Laps
19,38,+9 Laps
20,792,Spun off
21,42,Radiator
22,431,Suspension
23,250,Brakes
24,61,Differential
25,130,Overheating
26,28,Mechanical
27,55,Tyre
28,1,Driver Seat
29,41,Puncture
30,25,Driveshaft
1,7083,Finished
2,143,Disqualified
3,1044,Accident
4,833,Collision
5,2011,Engine
6,805,Gearbox
7,321,Transmission
8,214,Clutch
9,138,Hydraulics
10,315,Electrical
11,3850,+1 Lap
12,1593,+2 Laps
13,731,+3 Laps
14,405,+4 Laps
15,221,+5 Laps
16,153,+6 Laps
17,99,+7 Laps
18,52,+8 Laps
19,38,+9 Laps
20,792,Spun off
21,42,Radiator
22,431,Suspension
23,250,Brakes
24,61,Differential
25,130,Overheating
26,28,Mechanical
27,55,Tyre
28,1,Driver Seat
29,41,Puncture
30,25,Driveshaft
1,7083,Finished
2,143,Disqualified
3,1044,Accident
4,833,Collision
5,2011,Engine
6,805,Gearbox
7,321,Transmission
8,214,Clutch
9,138,Hydraulics
10,315,Electrical
11,3850,+1 Lap
12,1593,+2 Laps
13,731,+3 Laps
14,405,+4 Laps
15,221,+5 Laps
16,153,+6 Laps
17,99,+7 Laps
18,52,+8 Laps
19,38,+9 Laps
20,792,Spun off
21,42,Radiator
22,431,Suspension
23,250,Brakes
24,61,Differential
25,130,Overheating
26,28,Mechanical
27,55,Tyre
28,1,Driver Seat
29,41,Puncture
30,25,Driveshaft
1,7083,Finished
2,143,Disqualified
3,1044,Accident
4,833,Collision
5,2011,Engine
6,805,Gearbox
7,321,Transmission
8,214,Clutch
9,138,Hydraulics
10,315,Electrical
11,3850,+1 Lap
12,1593,+2 Laps
13,731,+3 Laps
14,405,+4 Laps
15,221,+5 Laps
16,153,+6 Laps
17,99,+7 Laps
18,52,+8 Laps
19,38,+9 Laps
20,792,Spun off
21,42,Radiator
22,431,Suspension
23,250,Brakes
24,61,Differential
25,130,Overheating
26,28,Mechanical
27,55,Tyre
28,1,Driver Seat
29,41,Puncture
30,25,Driveshaft
1,7083,Finished
2,143,Disqualified
3,1044,Accident
4,833,Collision
5,2011,Engine
6,805,Gearbox
7,321,Transmission
8,214,Clutch
9,138,Hydraulics
10,315,Electrical
11,3850,+1 Lap
12,1593,+2 Laps
13,731,+3 Laps
14,405,+4 Laps
15,221,+5 Laps
16,153,+6 Laps
17,99,+7 Laps
18,52,+8 Laps
19,38,+9 Laps
20,792,Spun off
21,42,Radiator
22,431,Suspension
23,250,Brakes
24,61,Differential
25,130,Overheating
26,28,Mechanical
27,55,Tyre
28,1,Driver Seat
29,41,Puncture
30,25,Driveshaft
1,7083,Finished
2,143,Disqualified
3,1044,Accident
4,833,Collision
5,2011,Engine
6,805,Gearbox
7,321,Transmission
8,214,Clutch
9,138,Hydraulics
10,315,Electrical
11,3850,+1 Lap
12,1593,+2 Laps
13,731,+3 Laps
14,405,+4 Laps
15,221,+5 Laps
16,153,+6 Laps
17,99,+7 Laps
18,52,+8 Laps
19,38,+9 Laps
20,792,Spun off
21,42,Radiator
22,431,Suspension
23,250,Brakes
24,61,Differential
25,130,Overheating
26,28,Mechanical
27,55,Tyre
28,1,Driver Seat
29,41,Puncture
30,25,Driveshaft
1,7083,Finished
2,143,Disqualified
3,1044,Accident
4,833,Collision
5,2011,Engine
6,805,Gearbox
7,321,Transmission
8,214,Clutch
9,138,Hydraulics
10,315,Electrical
11,3850,+1 Lap
12,1593,+2 Laps
13,731,+3 Laps
14,405,+4 Laps
15,221,+5 Laps
16,153,+6 Laps
17,99,+7 Laps
18,52,+8 Laps
19,38,+9 Laps
20,792,Spun off
21,42,Radiator
22,431,Suspension
23,250,Brakes
24,61,Differential
25,130,Overheating
26,28,Mechanical
27,55,Tyre
28,1,Driver Seat
29,41,Puncture
30,25,Driveshaft
1,7083,Finished
2,143,Disqualified
3,1044,Accident
4,833,Collision
5,2011,Engine
6,805,Gearbox
7,321,Transmission
8,214,Clutch
9,138,Hydraulics
10,315,Electrical
11,3850,+1 Lap
12,1593,+2 Laps
13,731,+3 Laps
14,405,+4 Laps
15,221,+5 Laps
16,153,+6 Laps
17,99,+7 Laps
18,52,+8 Laps
19,38,+9 Laps
20,792,Spun off
21,42,Radiator
22,431,Suspension
23,250,Brakes
24,61,Differential
25,130,Overheating
26,28,Mechanical
27,55,Tyre
28,1,Driver Seat
29,41,Puncture
30,25,Driveshaft
1,7083,Finished
2,143,Disqualified
3,1044,Accident
4,833,Collision
5,2011,Engine
6,805,Gearbox
7,321,Transmission
8,214,Clutch
9,138,Hydraulics
10,315,Electrical
11,3850,+1 Lap
12,1593,+2 Laps
13,731,+3 Laps
14,405,+4 Laps
15,221,+5 Laps
16,153,+6 Laps
17,99,+7 Laps
18,52,+8 Laps
19,38,+9 Laps
20,792,Spun off
21,42,Radiator
22,431,Suspension
23,250,Brakes
24,61,Differential
25,130,Overheating
26,28,Mechanical
27,55,Tyre
28,1,Driver Seat
29,41,Puncture
30,25,Driveshaft
1,7083,Finished
2,143,Disqualified
3,1044,Accident
4,833,Collision
5,2011,Engine
6,805,Gearbox
7,321,Transmission
8,214,Clutch
9,138,Hydraulics
10,315,Electrical
11,3850,+1 Lap
12,1593,+2 Laps
13,731,+3 Laps
14,405,+4 Laps
15,221,+5 Laps
16,153,+6 Laps
17,99,+7 Laps
18,52,+8 Laps
19,38,+9 Laps
20,792,Spun off
21,42,Radiator
22,431,Suspension
23,250,Brakes
24,61,Differential
25,130,Overheating
26,28,Mechanical
27,55,Tyre
28,1,Driver Seat
29,41,Puncture
30,25,Driveshaft
